category,link
Born Shoes,/slp/born-shoes/noqyc27a8na66pg/
21St Birthday Gift,/slp/21st-birthday-gift/fj3t82udmwdn82v/
Best Front Pocket Wallet,/slp/best-front-pocket-wallet/2986q5muw9vwpnr/
Birthday Gifts For Dad,/slp/birthday-gifts-for-dad/ffhfob34d5s67h4/
Bulk Socks,/slp/bulk-socks/kwxc5t9emtu5p7v/
Travel Jacket With Hidden Pockets,/slp/travel-jacket-with-hidden-pockets/kf69odt3f8uv7sc/
Untucked Button Down,/slp/untucked-button-down/73rrega57odr4gq/
30Th Birthday Gifts,/slp/30th-birthday-gifts/vqmz6mnrds3c7ne/
Matching Mom And Son Outfits,/slp/matching-mom-and-son-outfits/b5orfw7be97m6bt/
Shirts,https://www.amazon.com/Mens-Shirts/b?ie=UTF8&node=2476517011
Fashion Hoodies & Sweatshirts,https://www.amazon.com/Mens-Fashion-Hoodies-Sweatshirts/b?ie=UTF8&node=1258644011
Sweaters,https://www.amazon.com/Mens-Sweaters/b?ie=UTF8&node=1044442
Jackets & Coats,https://www.amazon.com/Mens-Jackets/b?ie=UTF8&node=1045830
Jeans,https://www.amazon.com/Mens-Jeans/b?ie=UTF8&node=1045564
Pants,https://www.amazon.com/Mens-Pants/b?ie=UTF8&node=1045558
Shorts,https://www.amazon.com/Mens-Shorts/b?ie=UTF8&node=1045560
Active,https://www.amazon.com/Mens-Activewear/b?ie=UTF8&node=3455821
Swim,https://www.amazon.com/Mens-Swimwear/b?ie=UTF8&node=1046670
Suits & Sport Coats,https://www.amazon.com/Mens-Suits-and-Sport-Coats/b?ie=UTF8&node=1045684
Underwear,https://www.amazon.com/Mens-Underwear/b?ie=UTF8&node=1045706
Socks,https://www.amazon.com/Mens-Socks/b?ie=UTF8&node=1045708
Sleep & Lounge,https://www.amazon.com/Mens-Sleepwear-and-Loungewear/b?ie=UTF8&node=3455861
T-Shirts & Tanks,https://www.amazon.com/b?ie=UTF8&node=15697821011
Shoes,https://www.amazon.com/Mens-Shoes/b?ie=UTF8&node=679255011
Jewelry,https://www.amazon.com/mens-jewelry/b?ie=UTF8&node=3887881
Watches,https://www.amazon.com/Mens-Watches/b?ie=UTF8&node=6358539011
Accessories,https://www.amazon.com/Mens-Accessories/b?ie=UTF8&node=2474937011
Shirts,https://www.amazon.com/Mens-Shirts/b?ie=UTF8&node=2476517011
Fashion Hoodies & Sweatshirts,https://www.amazon.com/Mens-Fashion-Hoodies-Sweatshirts/b?ie=UTF8&node=1258644011
Sweaters,https://www.amazon.com/Mens-Sweaters/b?ie=UTF8&node=1044442
Jackets & Coats,https://www.amazon.com/Mens-Jackets/b?ie=UTF8&node=1045830
Jeans,https://www.amazon.com/Mens-Jeans/b?ie=UTF8&node=1045564
Pants,https://www.amazon.com/Mens-Pants/b?ie=UTF8&node=1045558
Shorts,https://www.amazon.com/Mens-Shorts/b?ie=UTF8&node=1045560
Active,https://www.amazon.com/Mens-Activewear/b?ie=UTF8&node=3455821
Swim,https://www.amazon.com/Mens-Swimwear/b?ie=UTF8&node=1046670
Suits & Sport Coats,https://www.amazon.com/Mens-Suits-and-Sport-Coats/b?ie=UTF8&node=1045684
Underwear,https://www.amazon.com/Mens-Underwear/b?ie=UTF8&node=1045706
Socks,https://www.amazon.com/Mens-Socks/b?ie=UTF8&node=1045708
Sleep & Lounge,https://www.amazon.com/Mens-Sleepwear-and-Loungewear/b?ie=UTF8&node=3455861
T-Shirts & Tanks,https://www.amazon.com/b?ie=UTF8&node=15697821011
